review,sentiment
This product is absolutely amazing! The quality exceeded my expectations and shipping was fast.,1
Best purchase I've made in years. Highly recommend to everyone!,1
Excellent quality and great value for money. Very satisfied with this product.,1
Love it! Works perfectly and looks beautiful. Five stars!,1
Outstanding product! Exactly what I needed and arrived quickly.,1
Fantastic! Better than I expected. Will definitely buy again.,1
"Great product, great price, great service. Couldn't be happier!",1
Superb quality! This is exactly as described and works wonderfully.,1
Perfect! No complaints at all. Very pleased with my purchase.,1
Wonderful product! Exceeded all my expectations. Highly recommended!,1
Amazing quality and fast delivery. Very happy with this purchase!,1
Brilliant product! Works great and looks even better in person.,1
Excellent! This is exactly what I was looking for. Love it!,1
Very impressed with the quality. Great value and fast shipping!,1
Awesome product! Couldn't be more satisfied. Highly recommend!,1
Beautiful and well-made. Exactly as pictured. Very happy!,1
Top quality product! Works perfectly and arrived on time.,1
Incredible! This product is fantastic. Worth every penny!,1
Love this! Great quality and excellent customer service.,1
Perfect product! Exactly what I needed. Five stars all around!,1
Highly satisfied! Great product at a great price.,1
Excellent purchase! Would definitely recommend to friends.,1
Very good quality and fast delivery. Pleased with everything!,1
Great buy! This product works wonderfully. Very happy!,1
Impressive quality! Better than expected. Will buy again!,1
Terrible product. Broke after just two days of use.,0
Waste of money. Poor quality and doesn't work as advertised.,0
Very disappointed. Product arrived damaged and customer service was unhelpful.,0
Horrible! Nothing like the description. Do not buy this!,0
Cheap quality. Fell apart immediately. Total waste of money.,0
Awful product. Doesn't work at all. Very frustrated!,0
Poor quality and overpriced. Would not recommend to anyone.,0
Disappointed with this purchase. Not worth the money at all.,0
Bad product. Stopped working after one week. Very poor quality.,0
Not as described. Cheap materials and doesn't work properly.,0
Useless product. Complete waste of time and money.,0
Very poor quality. Broke on first use. Extremely disappointed!,0
Defective product. Doesn't work and seller won't respond.,0
Terrible quality! Fell apart within days. Do not buy!,0
Worst purchase ever. Product is garbage. Save your money!,0
Completely useless. Doesn't work at all. Very angry!,0
Poor construction and doesn't function properly. Disappointed!,0
Cheap and poorly made. Broke immediately. Terrible product!,0
Not worth it. Low quality and doesn't work as shown.,0
Horrible experience. Product is defective and support is terrible.,0
Very bad quality. Stopped working after two uses. Waste of money!,0
Disappointed! Product doesn't match description. Poor quality!,0
Terrible! Doesn't work and customer service won't help.,0
Poor product. Cheap materials and broke quickly. Not recommended!,0
Awful quality. Complete waste of money. Very unhappy!,0
Good product overall. Works well for the price.,1
Decent quality. Does the job but nothing special.,1
Nice product. Happy with my purchase. Would buy again.,1
Solid product. Good value and works as expected.,1
Pretty good! Minor issues but overall satisfied.,1
Works well. Good quality for the price point.,1
Satisfied with this purchase. Does what it's supposed to do.,1
Good value. Product works fine and arrived on time.,1
Happy with this! Good quality and reasonable price.,1
Pleased with my purchase. Works great so far!,1
Not bad. Product works but could be better quality.,0
Mediocre quality. Expected more for the price.,0
Below average. Product doesn't work as well as advertised.,0
Somewhat disappointed. Quality is not great.,0
Could be better. Product has some issues.,0
Not impressed. Quality is lacking for the price.,0
Okay product but has several flaws. Not fully satisfied.,0
Subpar quality. Doesn't meet expectations.,0
Not great. Product works but quality is questionable.,0
Underwhelming. Expected better based on reviews.,0
Incredible product! Absolutely love everything about it!,1
Best thing I've ever bought! Amazing quality and service!,1
Phenomenal! This product is outstanding in every way!,1
Absolutely perfect! Couldn't ask for anything better!,1
Exceptional quality! Blown away by how good this is!,1
Flawless! This product is absolutely wonderful!,1
Magnificent! Everything about this purchase is perfect!,1
Stunning quality! Exceeded expectations by far!,1
Remarkable product! Truly impressive and well-made!,1
Gorgeous! Beautiful product and works perfectly!,1
Disgraceful product! Absolute garbage and waste of money!,0
Pathetic quality! Worst thing I've ever purchased!,0
Abysmal! This product is completely worthless!,0
Atrocious! Doesn't work at all. Total scam!,0
Dreadful quality! Broke immediately. Very angry!,0
Appalling! Product is defective and useless!,0
Horrendous! Complete waste of time and money!,0
Deplorable quality! Nothing works as it should!,0
Miserable experience! Product is terrible in every way!,0
Unacceptable! Poor quality and doesn't function!,0
Reliable product. Has worked well for months now.,1
Durable and well-made. Very happy with the quality!,1
Trustworthy brand. Product performs excellently!,1
Consistent quality. Always delivers as promised!,1
Dependable product. Never had any issues with it!,1
Sturdy construction. Built to last. Very satisfied!,1
High quality materials. Feels premium and works great!,1
Well-designed product. Thoughtful and functional!,1
Professional quality. Exceeds industry standards!,1
Superior craftsmanship. Truly impressive build quality!,1
Unreliable product. Constantly malfunctions and breaks.,0
Flimsy construction. Falls apart easily. Poor quality!,0
Questionable quality. Doesn't inspire confidence at all.,0
Unstable product. Doesn't work consistently.,0
Fragile and poorly built. Broke with normal use.,0
Shoddy workmanship. Clearly cheaply made.,0
Inferior quality. Not worth the money at all.,0
Faulty design. Product has fundamental flaws.,0
Substandard materials. Feels cheap and breaks easily.,0
Deficient quality. Doesn't meet basic standards.,0
Absolutely thrilled with this purchase! Works like a charm.,1
This exceeded all my expectations. Five stars without hesitation!,1
Couldn't be happier! Product arrived quickly and works perfectly.,1
Superb craftsmanship. You can tell this was made with care.,1
Best value for money I've found. Highly recommend!,1
Impressive build quality. Feels solid and well-made.,1
Works flawlessly. No issues whatsoever. Very pleased!,1
Great addition to my collection. Worth every cent!,1
Fantastic product! Does exactly what it promises.,1
Very happy customer here! Will definitely order again.,1
Quality is top-notch. Better than similar products I've tried.,1
Arrived in perfect condition. Packaging was excellent too!,1
Easy to use and works great. Couldn't ask for more!,1
Exactly as advertised. No surprises. Very satisfied!,1
Premium quality at a reasonable price. Great deal!,1
Love the attention to detail. Clearly a quality product.,1
Works better than expected. Pleasantly surprised!,1
Solid construction. Feels like it will last for years.,1
Perfect size and fits exactly as needed. Very happy!,1
Great customer service and even better product!,1
Highly recommend this to anyone looking for quality!,1
Best decision I made this year. Love it!,1
Performs exceptionally well. No complaints at all!,1
Beautiful design and excellent functionality!,1
Worth the investment. Quality speaks for itself!,1
Completely satisfied. Would buy again in a heartbeat!,1
Excellent product. Meets all my needs perfectly!,1
Very well made. Attention to detail is impressive!,1
Great purchase! Exactly what I was looking for!,1
Outstanding value. Can't believe the quality for this price!,1
Horrible purchase. Regret buying this completely.,0
Broke within hours of use. Total junk!,0
Misleading description. Product is nothing like advertised.,0
Cheaply made. Feels like it will break any moment.,0
Doesn't work properly. Very frustrated with this purchase.,0
Arrived broken. Customer service refused to help.,0
Complete ripoff. Don't waste your money on this!,0
Terrible quality control. Product was defective out of the box.,0
Not functional at all. Completely useless!,0
Worst product I've ever bought. Avoid at all costs!,0
Broke after one use. Absolute garbage!,0
False advertising. Product doesn't do what it claims.,0
Cheap plastic that broke immediately. Very disappointed!,0
Doesn't fit properly. Measurements were completely wrong.,0
Terrible experience from start to finish. Would not recommend!,0
Product stopped working after a week. Poor quality!,0
Not worth a single penny. Complete waste!,0
Defective and seller won't respond to messages. Scam!,0
Horrible quality. Fell apart on first day!,0
Extremely disappointed. Nothing like the pictures!,0
Malfunctioned right out of the package. Terrible!,0
Cheap knockoff. Not the real deal as advertised!,0
Completely broken upon arrival. Awful experience!,0
Product is a joke. Save your money!,0
Terrible materials. Feels like cheap plastic!,0
Doesn't work as described. Very misleading!,0
Poor design. Clearly not tested before selling!,0
Broke during normal use. Unacceptable quality!,0
Worst customer service ever. Product is also terrible!,0
Complete disaster. Nothing works correctly!,0
Exceptional performance! Couldn't be more impressed!,1
This is exactly what I needed. Perfect in every way!,1
Brilliant design and flawless execution!,1
Top-tier quality. Worth every single penny!,1
Amazing product! Exceeded my high expectations!,1
Absolutely love it! Best purchase in a long time!,1
Fantastic quality and great price. Win-win!,1
Works like a dream. No issues at all!,1
Very impressed with the build quality. Excellent!,1
Perfect for my needs. Highly satisfied!,1
Great product with excellent features!,1
Superior quality. You get what you pay for!,1
Wonderful purchase! Would recommend to everyone!,1
Excellent value. Better than competitors!,1
Love the quality and design. Five stars!,1
Works perfectly. No complaints whatsoever!,1
Best in its category. Highly recommend!,1
Impressive product. Delivers on all promises!,1
Great quality for the price. Very happy!,1
Absolutely fantastic! Will buy more!,1
Perfect condition on arrival. Works great!,1
Excellent craftsmanship. Built to last!,1
Very pleased with this purchase. Recommended!,1
Outstanding product. Exceeds expectations!,1
High quality and reliable. Love it!,1
Works beautifully. Exactly as described!,1
Great investment. Very satisfied customer!,1
Superb quality and fast shipping!,1
Perfect product. Does everything I need!,1
Excellent choice. Would buy again!,1
Arrived damaged and seller won't replace it. Terrible!,0
Product doesn't match the description at all. Scam!,0
Broke after minimal use. Very poor quality!,0
Completely useless. Doesn't work as advertised!,0
Terrible build quality. Feels like it will break!,0
Not worth the price. Overpriced junk!,0
Horrible product. Regret this purchase!,0
Doesn't function properly. Very disappointed!,0
Cheap materials. Broke almost immediately!,0
Awful experience. Product is defective!,0
Complete waste of money. Don't buy!,0
Terrible quality. Nothing like the pictures!,0
Broke on first use. Unbelievable!,0
Not functional. Completely disappointed!,0
Poor quality control. Arrived broken!,0
Doesn't work at all. Total waste!,0
Horrible purchase. Would not recommend!,0
Cheap and flimsy. Broke right away!,0
Not as advertised. Very misleading!,0
Terrible product. Save your money!,0
Broke within days. Poor construction!,0
Completely dissatisfied. Awful product!,0
Doesn't meet basic standards. Terrible!,0
Poor quality materials. Broke easily!,0
Not worth buying. Complete junk!,0
Horrible design. Doesn't work properly!,0
Terrible experience. Product is useless!,0
Broke immediately. Worst purchase ever!,0
Not functional. Complete disappointment!,0
Awful quality. Don't waste your money!,0
This camera takes stunning photos! Crystal clear images every time.,1
The battery life is incredible. Lasts all day with heavy use!,1
Comfortable headphones with amazing sound quality. Love them!,1
This laptop is lightning fast. Perfect for work and gaming!,1
The screen quality is absolutely gorgeous. Colors are vibrant!,1
Best smartphone I've ever owned. Smooth and responsive!,1
These shoes are so comfortable! Can wear them all day.,1
The blender is powerful and easy to clean. Great purchase!,1
This vacuum cleaner picks up everything. Very effective!,1
The coffee maker brews perfect coffee every time. Delicious!,1
This watch looks elegant and keeps perfect time. Love it!,1
The speaker has amazing bass and clear sound. Impressive!,1
This backpack is spacious and very durable. Perfect for travel!,1
The keyboard feels great to type on. Very responsive!,1
This mouse is ergonomic and precise. No more wrist pain!,1
The monitor has excellent color accuracy. Perfect for editing!,1
This router provides fast and stable internet. No more drops!,1
The printer is fast and produces high-quality prints!,1
This tablet is perfect for reading and browsing. Love it!,1
The charger is fast and reliable. Charges in no time!,1
The camera lens is sharp and produces beautiful bokeh!,1
This microphone has crystal clear audio. Perfect for recording!,1
The desk is sturdy and has plenty of workspace. Great!,1
This chair is comfortable and supports my back perfectly!,1
The lamp provides excellent lighting. Perfect for reading!,1
This fan is quiet and keeps the room cool. Very effective!,1
The heater warms up the room quickly. Works great!,1
This air purifier really improves air quality. Noticeable difference!,1
The humidifier works quietly and effectively. Love it!,1
This scale is accurate and easy to read. Perfect!,1
The camera stopped working after one month. Terrible!,0
Battery drains in two hours. Completely useless!,0
Headphones hurt my ears and sound is muffled. Awful!,0
Laptop overheats and crashes constantly. Worst ever!,0
Screen has dead pixels. Unacceptable quality!,0
Phone freezes all the time. Very frustrating!,0
Shoes fell apart after one week. Terrible quality!,0
Blender motor burned out after three uses. Junk!,0
Vacuum has no suction power. Completely useless!,0
Coffee maker leaks everywhere. Terrible design!,0
Watch stopped working after two days. Waste of money!,0
Speaker sounds distorted at any volume. Awful!,0
Backpack zipper broke immediately. Poor quality!,0
Keyboard keys stick and don't register. Frustrating!,0
Mouse cursor jumps around. Unusable!,0
Monitor has terrible backlight bleed. Unacceptable!,0
Router disconnects constantly. Very unreliable!,0
Printer jams every single time. Terrible!,0
Tablet screen cracked from normal use. Fragile!,0
Charger stopped working after one week. Useless!,0
Lens has focusing issues. Very disappointing!,0
Microphone picks up too much background noise. Poor!,0
Desk wobbles and feels unstable. Cheap!,0
Chair broke after one month. Terrible quality!,0
Lamp flickered and stopped working. Defective!,0
Fan makes loud rattling noise. Annoying!,0
Heater smells like burning plastic. Dangerous!,0
Air purifier filter clogs immediately. Useless!,0
Humidifier leaks water everywhere. Terrible!,0
Scale gives different readings every time. Inaccurate!,0
Absolutely love this product! It's a game changer for my daily routine.,1
The quality is outstanding. Feels premium and well-built.,1
This has made my life so much easier. Highly recommend!,1
Perfect size and works exactly as I hoped. Very satisfied!,1
Great features for the price. Excellent value!,1
Impressed by how well this performs. Exceeds expectations!,1
Easy to set up and use. Very user-friendly!,1
The design is sleek and modern. Looks great!,1
Works flawlessly. No issues after months of use!,1
Best purchase I've made this year. Love it!,1
Quality exceeded my expectations. Very impressed!,1
This product is reliable and consistent. Great!,1
Perfect for my needs. Does everything I wanted!,1
Great build quality. Feels like it will last!,1
Excellent performance. Works better than expected!,1
Very happy with this purchase. Would buy again!,1
The features are amazing. So many useful options!,1
Works perfectly right out of the box. No setup needed!,1
Great product at a great price. Can't beat it!,1
This is exactly what I was looking for. Perfect!,1
Impressive quality for the price. Great deal!,1
Works wonderfully. No complaints at all!,1
Very well made. Attention to detail is excellent!,1
Perfect addition to my setup. Love it!,1
Great functionality and easy to use. Recommended!,1
This product is fantastic. Highly satisfied!,1
Excellent quality and performance. Five stars!,1
Works great and looks even better. Perfect!,1
Very pleased with the quality. Exceeded expectations!,1
Best in class. Highly recommend this product!,1
Product arrived broken. Seller won't respond to messages.,0
Completely different from what was advertised. Scam!,0
Stopped working after two weeks. Terrible quality!,0
Doesn't do what it's supposed to. Useless!,0
Cheap plastic that cracked immediately. Awful!,0
Not worth the money. Overpriced garbage!,0
Terrible product. Regret buying this!,0
Doesn't work properly. Very frustrating!,0
Broke after light use. Poor construction!,0
Awful experience. Product is defective!,0
Complete waste of money. Don't buy this!,0
Terrible quality. Nothing like described!,0
Broke on first day. Unbelievable!,0
Not functional at all. Disappointed!,0
Poor quality control. Arrived damaged!,0
Doesn't work as advertised. Misleading!,0
Horrible purchase. Would not recommend!,0
Cheap and poorly made. Broke quickly!,0
Not as shown in pictures. Very different!,0
Terrible product. Save your money!,0
Broke within a week. Poor quality!,0
Completely dissatisfied. Awful!,0
Doesn't meet expectations. Terrible!,0
Poor materials. Broke easily!,0
Not worth it. Complete junk!,0
Horrible design. Doesn't function!,0
Terrible experience. Useless product!,0
Broke immediately. Worst ever!,0
Not functional. Total disappointment!,0
Awful quality. Don't buy!,0
The packaging was excellent and product arrived safely. Very happy!,1
Customer service was helpful and responsive. Great experience!,1
This product solved my problem perfectly. Exactly what I needed!,1
Great quality and fast shipping. Couldn't ask for more!,1
Works exactly as described. No surprises. Very satisfied!,1
Excellent product with great features. Highly recommend!,1
Very impressed with the quality. Worth the price!,1
Perfect for my needs. Does everything well!,1
Great value for money. Very pleased!,1
This product is reliable and well-made. Love it!,1
Excellent purchase. Would definitely buy again!,1
Works perfectly. No issues at all!,1
Great quality and design. Very happy!,1
Perfect product. Exactly what I wanted!,1
Excellent value. Better than expected!,1
Very satisfied with this purchase. Recommended!,1
Great product. Works wonderfully!,1
Perfect condition on arrival. Love it!,1
Excellent quality. Built to last!,1
Very pleased. Would recommend!,1
Outstanding product. Exceeds expectations!,1
High quality. Very reliable!,1
Works beautifully. As described!,1
Great investment. Very satisfied!,1
Superb quality. Fast delivery!,1
Perfect. Does everything needed!,1
Excellent choice. Will buy again!,1
Arrived late and damaged. Terrible service!,0
Product is fake. Not authentic!,0
Broke after one day. Poor quality!,0
Useless. Doesn't work!,0
Terrible. Feels cheap!,0
Not worth it. Overpriced!,0
Horrible. Regret buying!,0
Doesn't function. Disappointed!,0
Cheap. Broke quickly!,0
Awful. Defective product!,0
Waste of money. Don't buy!,0
Terrible. Not as described!,0
Broke immediately. Awful!,0
Not functional. Useless!,0
Poor quality. Broken!,0
Doesn't work. Waste!,0
Horrible. Not recommended!,0
Cheap. Broke fast!,0
Not good. Misleading!,0
Terrible. Save money!,0
Broke quickly. Poor!,0
Dissatisfied. Awful!,0
Doesn't work. Terrible!,0
Poor. Broke easily!,0
Not worth. Junk!,0
Horrible. Doesn't work!,0
Terrible. Useless!,0
Broke fast. Worst!,0
Not good. Disappointment!,0
Awful. Don't buy!,0
"The product is okay. It works, but nothing special.",2
"Good features, but the battery life is average.",2
"Decent quality, although the price feels a bit high.",2
"It does what it claims, but I expected better performance.",2
"Some parts are good, some are not. Overall acceptable.",2
The product works fine. Nothing impressive though.,2
Average quality for the price. Could be better.,2
It's alright. Does the job but not amazing.,2
"Mediocre. Not bad, not great either.",2
"Acceptable product. Nothing to complain about, nothing to praise.",2
"I love the design, but the functionality is terrible.",2
Great product ruined by poor customer support.,2
"Fast delivery, slow performance.",2
"Amazing idea, poorly executed.",2
"The product works fine, but I wouldn't buy it again.",2
Good quality but overpriced for what you get.,2
"Nice features, but setup was complicated.",2
"Works as advertised, but feels cheaply made.",2
"Great design, average performance.",2
"Excellent packaging, mediocre product.",2
"It's okay for the price. Nothing more, nothing less.",2
Standard product. Meets basic expectations.,2
Neither good nor bad. Just average.,2
It works. That's about it.,2
Functional but uninspiring.,2
"Does what it's supposed to do. No complaints, no compliments.",2
Ordinary product. Nothing stands out.,2
It's fine. Not worth raving about.,2
Acceptable for everyday use. Nothing special.,2
Middle of the road product. Average in every way.,2
"Good build quality, but limited features.",2
"Fast shipping, but product is just okay.",2
"Nice color, average functionality.",2
"Works well sometimes, other times not so much.",2
"Decent for beginners, but pros might want more.",2
"Good value, but quality could be better.",2
"Easy to use, but performance is inconsistent.",2
"Looks great, works okay.",2
"Solid construction, mediocre results.",2
"Good customer service, average product.",2
It's okay if you don't have high expectations.,2
"Acceptable for casual use, not for professionals.",2
"Works fine for basic tasks, struggles with advanced ones.",2
Good enough for the price point.,2
"Satisfactory, but there are better options out there.",2
Does the minimum required. Nothing extra.,2
"Passable quality. Wouldn't recommend, wouldn't discourage.",2
It's serviceable. Gets the job done eventually.,2
Adequate for short-term use.,2
"Fair product. Not impressed, not disappointed.",2
Pros and cons balance out. It's okay overall.,2
Has its strengths and weaknesses. Average experience.,2
Good points: price. Bad points: quality. Evens out.,2
"Some features work great, others don't. Mixed bag.",2
"Happy with some aspects, unhappy with others.",2
"Partially satisfied. Some things work, some don't.",2
"Half good, half bad. Neutral overall.",2
"Meets some expectations, falls short on others.",2
Positive and negative aspects cancel each other out.,2
Can't decide if I like it or not. It's just okay.,2
meh… not bad not great,2
"it's aight, does the job",2
pretty average tbh,2
nothing to write home about,2
"idk man, it's okay I guess",2
"could be worse, could be better",2
"it's whatever, works fine",2
not impressed but not mad either,2
decent enough for what it is,2
no strong feelings either way,2
The product arrived on time and works as described. Nothing remarkable.,2
"Standard quality. No issues, but no wow factor either.",2
It's functional. That's the best I can say.,2
"Average in every aspect. Price, quality, performance.",2
Neither love it nor hate it. Just neutral.,2
Does what it needs to do. Don't expect miracles.,2
Okay for occasional use. Wouldn't rely on it daily.,2
Satisfies basic needs. Nothing beyond that.,2
"It works, which is the bare minimum. Nothing impressive.",2
Fair product at a fair price. Nothing noteworthy.,2
"Good for some people, not for others. Depends on needs.",2
Your mileage may vary. It's okay for me.,2
Not sure how to feel about this. It's complicated.,2
Has potential but needs improvement. Currently just okay.,2
"Better than nothing, worse than the best. Average.",2
Indifferent. It exists and functions.,2
"No major flaws, no major strengths. Neutral.",2
Unremarkable. Forgettable. Average.,2
It's there. It works. That's all.,2
"Can't complain too much, can't praise too much either.",2
"Good price, average quality. Balances out.",2
"Fast delivery, but product is mediocre.",2
"Nice packaging, ordinary product inside.",2
"Easy setup, average performance.",2
"Good instructions, but product is just okay.",2
"Responsive seller, average item quality.",2
Looks better than it performs. Okay overall.,2
Performs better than it looks. Still average.,2
"Great concept, average execution.",2
"Standard features, standard quality. Nothing special.",2